filename,gender,color,category
img (1).jpg,men,red,shirt
img (2).jpg,men,blue,shirt
img (3).jpg,men,blue,shirt
img (4).jpg,men,red,shirt
img (5).jpg,men,black,shirt
img (6).jpg,men,orange,shirt
img (7).jpg,men,gray,shirt
img (8).jpg,men,blue,shirt
img (9).jpg,men,white,shoe
img (10).jpg,men,black,shoe
img (11).jpg,men,white,shoe
img (12).jpg,women,white,shirt
img (13).jpg,men,blue,shirt
img (14).jpg,men,gray,shoe
img (15).jpg,men,red,shoe
img (16).jpg,men,black,pant
img (17).jpg,men,blue,pant
img (18).jpg,men,white,shoe
img (19).jpg,men,purple,shoe
img (20).jpg,men,yellow,shoe
img (21).jpg,men,green,shirt
img (22).jpg,men,white,shirt
img (23).jpg,men,black,shirt
img (24).jpg,women,green,shirt
img (25).jpg,women,pink,shirt
img (26).jpg,men,black,shoe
img (27).jpg,men,gray,shoe
img (28).jpg,men,gray,shoe
img (29).jpg,men,orange,shirt
img (30).jpg,men,yellow,shirt
img (31).jpg,men,purple,shirt
img (32).jpg,men,brown,shirt
img (33).jpg,men,white,shirt
img (34).jpg,men,yellow,shirt
img (35).jpg,men,purple,shirt
img (36).jpg,men,gray,shirt
img (37).jpg,men,red,shirt
img (38).jpg,men,red,shirt
img (39).jpg,men,white,shirt
img (40).jpg,men,brown,shirt
img (41).jpg,men,gray,shirt
img (42).jpg,men,gray,shirt
img (43).jpg,men,green,shirt
img (44).jpg,men,orange,shirt
img (45).jpg,men,gray,shirt
img (46).jpg,men,gray,pant
img (47).jpg,men,black,pant
img (48).jpg,men,blue,shirt
img (49).jpg,men,white,shirt
img (50).jpg,women,blue,shirt
img (51).jpg,women,white,shirt
img (52).jpg,women,red,shirt
img (53).jpg,women,blue,shirt
img (54).jpg,women,orange,shirt
img (55).jpg,women,gray,shirt
img (56).jpg,women,yellow,shirt
img (57).jpg,men,gray,pant
img (58).jpg,men,white,shirt
img (59).jpg,men,gray,shirt
img (60).jpg,men,green,shirt
img (61).jpg,men,purple,shirt
img (62).jpg,men,yellow,shirt
img (63).jpg,men,gray,shirt
img (64).jpg,men,orange,shirt
img (65).jpg,men,pink,shirt
img (66).jpg,men,blue,shirt
img (67).jpg,men,blue,shirt
img (68).jpg,men,blue,shirt
img (69).jpg,men,gray,shirt
img (70).jpg,women,black,shirt
img (71).jpg,men,white,shirt
img (72).jpg,men,white,shirt
img (73).jpg,women,blue,pant
img (74).jpg,men,white,shoe
img (75).jpg,men,white,shoe
img (76).jpg,women,green,shoe
img (77).jpg,men,black,shoe
img (78).jpg,men,black,pant
img (79).jpg,men,purple,shirt
img (80).jpg,men,purple,shirt
img (81).jpg,men,blue,shirt
img (82).jpg,men,green,shirt
img (83).jpg,men,blue,shirt
img (84).jpg,men,white,shirt
img (85).jpg,women,black,shirt
img (86).jpg,women,white,shirt
img (87).jpg,men,yellow,shirt
img (88).jpg,men,purple,shirt
img (89).jpg,men,green,shirt
img (90).jpg,men,red,shirt
img (91).jpg,women,green,shirt
img (92).jpg,women,pink,shirt
img (93).jpg,men,white,shirt
img (94).jpg,men,white,shirt
img (95).jpg,men,blue,shirt
img (96).jpg,men,white,shirt
img (97).jpg,men,red,shirt
img (98).jpg,women,pink,shirt
img (99).jpg,women,black,shirt
img (100).jpg,women,black,shirt
img (101).jpg,men,yellow,shirt
img (102).jpg,men,purple,shirt
img (103).jpg,men,white,shirt
img (104).jpg,women,orange,shirt
img (105).jpg,women,pink,shirt
img (106).jpg,women,black,shirt
img (107).jpg,men,pink,shirt
img (108).jpg,men,orange,shirt
img (109).jpg,men,white,shirt
img (110).jpg,men,white,shirt
img (111).jpg,women,pink,shirt
img (112).jpg,men,red,shirt
img (113).jpg,men,black,pant
img (114).jpg,men,orange,shirt
img (115).jpg,women,pink,shirt
img (116).jpg,men,black,shirt
img (117).jpg,women,pink,shirt
img (118).jpg,men,green,shirt
img (119).jpg,men,white,shirt
img (120).jpg,men,black,shirt
img (121).jpg,men,orange,shirt
img (122).jpg,men,blue,shirt
img (123).jpg,men,white,shirt
img (124).jpg,women,white,shirt
img (125).jpg,men,white,shirt
img (126).jpg,men,white,shirt
img (127).jpg,men,black,shirt
img (128).jpg,men,gray,shirt
img (129).jpg,men,white,shirt
img (130).jpg,men,white,shirt
img (131).jpg,men,purple,shirt
img (132).jpg,men,black,shirt
img (133).jpg,men,white,shoe
img (134).jpg,men,gray,shoe
img (135).jpg,women,white,shoe
img (136).jpg,women,white,shoe
img (137).jpg,women,black,shoe
img (138).jpg,women,black,shoe
img (139).jpg,women,brown,shoe
img (140).jpg,women,blue,shoe
img (141).jpg,women,orange,shoe
img (142).jpg,women,black,shoe
img (143).jpg,women,black,shoe
img (144).jpg,women,white,shoe
img (145).jpg,women,white,shoe
img (146).jpg,women,white,shoe
img (147).jpg,women,black,shoe
img (148).jpg,women,black,shoe
img (149).jpg,women,black,shoe
img (150).jpg,women,black,shoe
img (151).jpg,women,white,shoe
img (152).jpg,women,black,pant
img (153).jpg,women,blue,pant
img (154).jpg,women,black,pant
img (155).jpg,women,pink,shirt
img (156).jpg,women,purple,shirt
img (157).jpg,women,red,shirt
img (158).jpg,women,yellow,shirt
img (159).jpg,men,black,shirt
img (160).jpg,men,black,shirt
img (161).jpg,men,black,shirt
img (162).jpg,men,red,shirt
img (163).jpg,men,white,shirt
img (164).jpg,men,white,shirt
img (165).jpg,men,blue,shirt
img (166).jpg,men,white,shirt
img (167).jpg,men,black,shirt
img (168).jpg,men,black,shirt
img (169).jpg,women,black,shirt
img (170).jpg,men,green,shirt
img (171).jpg,men,black,shirt
img (172).jpg,men,black,shirt
img (173).jpg,men,blue,shirt
img (174).jpg,men,black,shirt
img (175).jpg,men,black,shirt
img (176).jpg,men,red,shirt
img (177).jpg,men,purple,shirt
img (178).jpg,women,black,shirt
img (179).jpg,women,black,shirt
img (180).jpg,women,pink,shirt
img (181).jpg,women,green,shirt
img (182).jpg,women,purple,shirt
img (183).jpg,men,green,shirt
img (184).jpg,men,white,shirt
img (185).jpg,men,blue,shirt
img (186).jpg,men,purple,shirt
img (187).jpg,men,black,shirt
img (188).jpg,men,red,shirt
img (189).jpg,men,blue,shirt
img (190).jpg,men,black,shirt
img (191).jpg,men,white,shirt
img (192).jpg,men,black,shirt
img (193).jpg,men,yellow,shirt
img (194).jpg,men,gray,shirt
img (195).jpg,men,brown,shirt
img (196).jpg,men,brown,shirt
img (197).jpg,men,blue,shirt
img (198).jpg,men,white,shirt
img (199).jpg,men,yellow,shirt
img (200).jpg,men,brown,shirt
img (201).jpg,men,black,shoe
img (202).jpg,men,blue,shoe
img (203).jpg,men,gray,shoe
img (204).jpg,men,black,shoe
img (205).jpg,men,blue,shoe
img (206).jpg,men,white,shoe
img (207).jpg,men,white,shoe
img (208).jpg,men,white,shoe
img (209).jpg,men,white,shoe
img (210).jpg,men,black,shoe
img (211).jpg,men,white,shoe
img (212).jpg,men,black,shoe
img (213).jpg,men,white,shoe
img (214).jpg,men,black,shoe
img (215).jpg,men,black,shoe
img (216).jpg,men,white,shoe
img (217).jpg,men,white,shoe
img (218).jpg,men,black,shoe
img (219).jpg,men,black,shoe
img (220).jpg,men,gray,shoe
img (221).jpg,women,white,shoe
img (222).jpg,men,white,shoe
img (223).jpg,women,black,shirt
img (224).jpg,women,purple,shirt
img (225).jpg,women,purple,shirt
img (226).jpg,women,pink,shirt
img (227).jpg,women,yellow,shirt
img (228).jpg,women,pink,shoe
img (229).jpg,men,white,shoe
img (230).jpg,men,white,shoe
img (231).jpg,men,black,shoe
img (232).jpg,men,black,shoe
img (233).jpg,men,white,shoe
img (234).jpg,men,pink,shoe
img (235).jpg,men,black,shoe
img (236).jpg,men,black,shoe
img (237).jpg,men,gray,shoe
img (238).jpg,men,white,shoe
img (239).jpg,men,white,shoe
img (240).jpg,men,white,shoe
img (241).jpg,men,white,shoe
img (242).jpg,men,gray,shoe
img (243).jpg,men,white,shoe
img (244).jpg,men,gray,shoe
img (245).jpg,men,black,shoe
img (246).jpg,men,gray,shoe
img (247).jpg,men,gray,shoe
img (248).jpg,men,gray,shoe
img (249).jpg,men,gray,shoe
img (250).jpg,men,black,shoe
img (251).jpg,men,gray,shoe
img (252).jpg,men,gray,shoe
img (253).jpg,men,white,shoe
img (254).jpg,men,white,shoe
img (255).jpg,men,white,shoe
img (256).jpg,men,gray,shoe
img (257).jpg,men,black,shoe
img (258).jpg,men,gray,shoe
img (259).jpg,men,gray,shoe
img (260).jpg,men,gray,shoe
img (261).jpg,men,gray,shoe
img (262).jpg,men,gray,shoe
img (263).jpg,men,gray,shoe
img (264).jpg,men,white,shoe
img (265).jpg,men,blue,shoe
img (266).jpg,men,black,shoe
img (267).jpg,men,black,shoe
img (268).jpg,women,black,shirt
img (269).jpg,women,black,shirt
img (270).jpg,women,black,shirt
img (271).jpg,men,gray,shoe
img (272).jpg,men,gray,shoe
img (273).jpg,men,white,shoe
img (274).jpg,men,gray,shoe
img (275).jpg,men,white,shoe
img (276).jpg,men,white,shoe
img (277).jpg,men,white,shoe
img (278).jpg,men,white,shoe
img (279).jpg,men,gray,shoe
img (280).jpg,men,gray,shoe
img (281).jpg,men,white,shoe
img (282).jpg,men,black,shoe
img (283).jpg,men,brown,shoe
img (284).jpg,men,black,shoe
img (285).jpg,women,white,shirt
img (286).jpg,women,black,shirt
img (287).jpg,women,black,shirt
img (288).jpg,women,black,shirt
img (289).jpg,women,black,shirt
img (290).jpg,women,black,shirt
img (291).jpg,women,black,shirt
img (292).jpg,women,black,shirt
img (293).jpg,women,black,shirt
img (294).jpg,women,black,shirt
img (295).jpg,women,red,shirt
img (296).jpg,women,yellow,shirt
img (297).jpg,women,black,shirt
img (298).jpg,women,pink,shirt
img (299).jpg,women,black,shirt
img (300).jpg,women,black,shirt
img (301).jpg,women,pink,shirt
img (302).jpg,women,black,shirt
img (303).jpg,women,green,shirt
img (304).jpg,women,black,shirt
img (305).jpg,women,brown,shirt
img (306).jpg,women,white,shirt
img (307).jpg,women,purple,shirt
img (308).jpg,women,red,shirt
img (309).jpg,women,pink,shirt
img (310).jpg,women,red,shirt
img (311).jpg,women,pink,shirt
img (312).jpg,women,yellow,shirt
img (313).jpg,women,green,shirt
img (314).jpg,women,white,shirt
img (315).jpg,women,purple,shirt
img (316).jpg,women,blue,shirt
img (317).jpg,women,pink,shirt
img (318).jpg,men,white,shoe
img (319).jpg,men,black,shoe
img (320).jpg,men,white,shoe
img (321).jpg,men,black,shoe
img (322).jpg,men,white,shoe
img (323).jpg,men,white,shoe
img (324).jpg,men,white,shoe
img (325).jpg,men,white,shoe
img (326).jpg,men,black,shoe
img (327).jpg,men,white,shoe
img (328).jpg,men,white,shoe
img (329).jpg,men,white,shoe
img (330).jpg,men,white,shoe
img (331).jpg,men,white,shoe
img (332).jpg,women,pink,shirt
img (333).jpg,women,yellow,shirt
img (334).jpg,women,white,shirt
img (335).jpg,women,yellow,shirt
img (336).jpg,men,red,shirt
img (337).jpg,women,green,shirt
img (338).jpg,women,purple,shirt
img (339).jpg,men,yellow,shirt
img (340).jpg,men,yellow,shirt
img (341).jpg,men,white,shirt
img (342).jpg,men,blue,shirt
img (343).jpg,men,black,shirt
img (344).jpg,men,green,shirt
img (345).jpg,men,blue,shirt
img (346).jpg,women,black,shirt
img (347).jpg,men,red,shirt
img (348).jpg,men,red,shirt
img (349).jpg,men,gray,shirt
img (350).jpg,men,gray,shirt
img (351).jpg,women,black,shirt
img (352).jpg,women,black,shirt
img (353).jpg,women,white,shirt
img (354).jpg,women,pink,shirt
img (355).jpg,women,pink,shirt
img (356).jpg,women,white,shirt
img (357).jpg,women,white,shirt
img (358).jpg,women,yellow,shirt
img (359).jpg,women,yellow,shirt
img (360).jpg,women,green,shirt
img (361).jpg,women,green,shirt
img (362).jpg,women,pink,shirt
img (363).jpg,women,pink,shirt
img (364).jpg,women,pink,shirt
img (365).jpg,women,pink,shirt
img (366).jpg,women,pink,shirt
img (367).jpg,women,pink,shirt
img (368).jpg,women,white,shirt
img (369).jpg,women,white,shirt
img (370).jpg,women,pink,shirt
img (371).jpg,women,pink,shirt
img (372).jpg,women,pink,shirt
img (373).jpg,women,pink,shirt
img (374).jpg,women,blue,pant
img (375).jpg,women,blue,pant
img (376).jpg,women,white,pant
img (377).jpg,women,pink,pant
img (378).jpg,women,gray,pant
img (379).jpg,women,black,pant
img (380).jpg,men,black,pant
img (381).jpg,men,white,pant
img (382).jpg,men,blue,pant
img (383).jpg,men,green,pant
img (384).jpg,men,black,pant
img (385).jpg,women,black,pant
img (386).jpg,women,blue,pant
img (387).jpg,women,blue,pant
img (388).jpg,women,blue,pant
img (389).jpg,women,blue,pant
img (390).jpg,women,blue,pant
img (391).jpg,women,black,pant
img (392).jpg,women,blue,pant
img (393).jpg,women,black,pant
img (394).jpg,women,black,pant
img (395).jpg,women,gray,pant
img (396).jpg,women,gray,pant
img (397).jpg,women,black,pant
img (398).jpg,men,black,pant
img (399).jpg,men,black,pant
img (400).jpg,men,white,pant
img (401).jpg,men,white,pant
img (402).jpg,men,black,pant
img (403).jpg,men,black,pant
img (404).jpg,men,white,pant
img (405).jpg,men,yellow,pant
img (406).jpg,men,yellow,pant
img (407).jpg,men,black,pant
img (408).jpg,men,gray,pant
img (409).jpg,men,white,pant
img (410).jpg,men,white,pant
img (411).jpg,men,gray,pant
img (412).jpg,men,gray,pant
img (413).jpg,men,blue,pant
img (414).jpg,men,green,pant
img (415).jpg,men,black,pant
img (416).jpg,men,black,pant
img (417).jpg,men,black,pant
img (418).jpg,men,gray,pant
img (419).jpg,women,blue,pant
img (420).jpg,men,blue,pant
img (421).jpg,women,blue,pant
img (422).jpg,women,blue,pant
img (423).jpg,women,black,pant
img (424).jpg,women,blue,pant
img (425).jpg,women,blue,pant
img (426).jpg,women,blue,pant
img (427).jpg,women,blue,pant
img (428).jpg,women,black,pant
img (429).jpg,men,black,pant
img (430).jpg,men,gray,pant
img (431).jpg,men,blue,pant
img (432).jpg,men,blue,pant
img (433).jpg,men,black,pant
img (434).jpg,men,blue,pant
img (435).jpg,men,blue,pant
img (436).jpg,men,black,pant
img (437).jpg,men,blue,pant
img (438).jpg,men,gray,pant
img (439).jpg,men,gray,pant
img (440).jpg,men,blue,pant
img (441).jpg,men,blue,pant
img (442).jpg,men,blue,pant
img (443).jpg,men,blue,pant
img (444).jpg,men,black,pant
img (445).jpg,men,black,pant
img (446).jpg,men,blue,pant
img (447).jpg,men,black,pant
img (448).jpg,men,blue,pant
img (449).jpg,men,black,pant
img (450).jpg,men,blue,pant
img (451).jpg,men,blue,pant
img (452).jpg,men,black,pant
img (453).jpg,men,black,pant
img (454).jpg,men,white,pant
img (455).jpg,men,black,pant
img (456).jpg,men,blue,pant
img (457).jpg,men,blue,pant
img (458).jpg,men,black,pant
img (459).jpg,men,blue,pant
img (460).jpg,men,red,shirt
img (461).jpg,men,gray,shirt
img (462).jpg,men,white,shirt
img (463).jpg,men,red,shirt
img (464).jpg,men,black,shirt
img (465).jpg,men,blue,shirt
img (466).jpg,men,gray,pant
img (467).jpg,women,black,pant
img (468).jpg,men,black,pant
img (469).jpg,men,gray,pant
img (470).jpg,men,gray,pant
img (471).jpg,men,gray,pant
img (472).jpg,men,gray,pant
img (473).jpg,men,blue,pant
img (474).jpg,men,blue,pant
img (475).jpg,men,blue,pant
img (476).jpg,men,black,pant
img (477).jpg,men,blue,pant
img (478).jpg,men,blue,pant
img (479).jpg,men,blue,pant
img (480).jpg,men,black,shoe
img (481).jpg,men,black,shoe
img (482).jpg,men,black,pant
img (483).jpg,men,blue,pant
img (484).jpg,men,blue,pant
img (485).jpg,men,blue,pant
img (486).jpg,women,black,pant
img (487).jpg,women,black,pant
img (488).jpg,women,blue,pant
img (489).jpg,women,black,pant
img (490).jpg,women,black,pant
img (491).jpg,women,black,pant
img (492).jpg,women,blue,pant
img (493).jpg,women,gray,pant
img (494).jpg,women,black,pant
img (495).jpg,women,black,pant
img (496).jpg,women,blue,pant
img (497).jpg,men,black,pant
img (498).jpg,men,white,pant
img (499).jpg,men,yellow,pant
img (500).jpg,men,brown,pant
img (501).jpg,men,yellow,pant
img (502).jpg,men,white,pant
img (503).jpg,men,gray,pant
img (504).jpg,men,gray,pant
img (505).jpg,men,gray,pant
img (506).jpg,men,gray,pant
img (507).jpg,men,white,pant
img (508).jpg,women,black,pant
img (509).jpg,women,black,pant
img (510).jpg,men,black,pant
img (511).jpg,men,black,pant
img (512).jpg,men,blue,pant
img (513).jpg,men,blue,pant
img (514).jpg,men,blue,pant
img (515).jpg,men,black,pant
img (516).jpg,men,blue,pant
img (517).jpg,men,black,pant
img (518).jpg,men,gray,pant
img (519).jpg,men,blue,pant
img (520).jpg,men,black,pant
img (521).jpg,men,black,pant
img (522).jpg,men,gray,pant
img (523).jpg,men,blue,pant
img (524).jpg,men,blue,pant
img (525).jpg,men,black,pant
img (526).jpg,men,gray,pant
img (527).jpg,men,gray,pant
img (528).jpg,men,blue,pant
img (529).jpg,men,blue,pant
img (530).jpg,women,black,pant
img (531).jpg,women,black,pant
img (532).jpg,women,blue,pant
img (533).jpg,women,blue,pant
img (534).jpg,women,blue,pant
img (535).jpg,women,blue,pant
img (536).jpg,men,blue,pant
img (537).jpg,men,black,pant
img (538).jpg,men,gray,pant
img (539).jpg,men,black,pant
img (540).jpg,men,blue,pant
img (541).jpg,men,white,pant
img (542).jpg,women,gray,pant
img (543).jpg,women,green,pant
img (544).jpg,women,black,pant
img (545).jpg,women,black,pant
img (546).jpg,men,gray,pant
img (547).jpg,men,blue,pant
img (548).jpg,men,black,pant
img (549).jpg,men,blue,pant
img (550).jpg,men,blue,pant
img (551).jpg,men,gray,pant
img (552).jpg,men,blue,pant
img (553).jpg,men,blue,pant
img (554).jpg,men,blue,pant
img (555).jpg,men,blue,pant
img (556).jpg,men,blue,pant
img (557).jpg,men,black,pant
img (558).jpg,men,blue,pant
img (559).jpg,men,blue,pant
img (560).jpg,men,blue,pant
img (561).jpg,men,black,pant
img (562).jpg,men,black,pant
img (563).jpg,men,black,pant
img (564).jpg,men,black,pant
img (565).jpg,men,blue,pant
img (566).jpg,men,blue,pant
img (567).jpg,men,blue,pant
img (568).jpg,men,blue,pant
img (569).jpg,men,blue,pant
img (570).jpg,men,orange,shirt
img (571).jpg,men,white,shirt
img (572).jpg,men,gray,shirt
img (573).jpg,men,black,shirt
img (574).jpg,women,white,shirt
img (575).jpg,women,white,shirt
img (576).jpg,women,yellow,shirt
img (577).jpg,women,pink,shirt
img (578).jpg,women,black,shirt
img (579).jpg,men,gray,shirt
img (580).jpg,men,white,shoe
img (581).jpg,men,white,shoe
img (582).jpg,men,gray,shoe
img (583).jpg,men,white,shoe
img (584).jpg,men,black,shoe
img (585).jpg,men,black,shoe
img (586).jpg,men,black,shoe
img (587).jpg,men,white,shoe
img (588).jpg,men,blue,pant
img (589).jpg,women,pink,shirt
img (590).jpg,women,pink,shirt
img (591).jpg,women,pink,shirt
img (592).jpg,women,pink,shirt
img (593).jpg,women,pink,shirt
img (594).jpg,women,pink,shirt
img (595).jpg,women,pink,shirt
img (596).jpg,women,pink,shirt
img (597).jpg,women,pink,shirt
img (598).jpg,women,pink,shirt
img (599).jpg,women,pink,shirt
img (600).jpg,women,pink,shirt
img (601).jpg,women,pink,shirt
img (602).jpg,women,pink,shirt
img (603).jpg,women,pink,shirt
img (604).jpg,women,pink,shirt
img (605).jpg,men,pink,shirt
img (606).jpg,women,pink,shirt
img (607).jpg,women,pink,shirt
img (608).jpg,women,pink,shirt
img (609).jpg,women,pink,shirt
img (610).jpg,women,pink,pant
img (611).jpg,women,pink,shoe
img (612).jpg,women,pink,shirt
img (613).jpg,women,pink,shirt
img (614).jpg,women,pink,shirt
img (615).jpg,women,pink,shirt
img (616).jpg,women,pink,shirt
img (617).jpg,women,pink,shirt
img (618).jpg,women,pink,shirt
img (619).jpg,women,pink,pant
img (620).jpg,women,pink,shirt
img (621).jpg,women,pink,shirt
img (622).jpg,women,pink,shirt
img (623).jpg,men,pink,shirt
img (624).jpg,women,pink,shirt
img (625).jpg,women,pink,shirt
img (626).jpg,men,pink,shirt
img (627).jpg,women,pink,shirt
img (628).jpg,women,pink,shirt
img (629).jpg,women,pink,shirt
img (630).jpg,women,pink,shirt
img (631).jpg,women,pink,shirt
img (632).jpg,women,pink,shirt
img (633).jpg,women,pink,shirt
img (634).jpg,women,pink,shirt
img (635).jpg,women,pink,shirt
img (636).jpg,women,pink,shirt
img (637).jpg,men,pink,shirt
img (638).jpg,men,pink,shirt
img (639).jpg,women,pink,shirt
img (640).jpg,men,pink,shirt
img (641).jpg,women,pink,shirt
img (642).jpg,women,pink,shirt
img (643).jpg,women,pink,shirt
img (644).jpg,women,pink,shirt
img (645).jpg,women,pink,shirt
img (646).jpg,women,pink,shirt
img (647).jpg,women,pink,shirt
img (648).jpg,women,pink,shoe
img (649).jpg,women,pink,shirt
img (650).jpg,women,pink,shirt
img (651).jpg,men,pink,shirt
img (652).jpg,men,pink,shirt
img (653).jpg,men,pink,shirt
img (654).jpg,women,pink,shirt
img (655).jpg,women,pink,shirt
img (656).jpg,men,pink,shirt
img (657).jpg,women,pink,pant
img (658).jpg,women,pink,shirt
img (659).jpg,women,pink,shirt
img (660).jpg,women,pink,shirt
img (661).jpg,women,pink,shirt
img (662).jpg,women,pink,pant
img (663).jpg,women,pink,shirt
img (664).jpg,women,pink,shirt
img (665).jpg,women,pink,shirt
img (666).jpg,women,pink,pant
img (667).jpg,women,pink,shirt
img (668).jpg,men,pink,shirt
img (669).jpg,women,pink,shoe
img (670).jpg,women,pink,shirt
img (671).jpg,women,pink,shoe
img (672).jpg,women,pink,shirt
img (673).jpg,women,pink,shirt
img (674).jpg,women,pink,pant
img (675).jpg,women,pink,shirt
img (676).jpg,women,pink,shirt
img (677).jpg,women,pink,shirt
img (678).jpg,women,pink,pant
img (679).jpg,women,pink,pant
img (680).jpg,women,pink,shirt
img (681).jpg,women,pink,shirt
img (682).jpg,women,pink,shirt
img (683).jpg,women,pink,shirt
img (684).jpg,men,green,shoe
img (685).jpg,women,red,shirt
img (686).jpg,men,red,shirt
img (687).jpg,men,red,shoe
img (688).jpg,men,red,shoe
img (689).jpg,men,red,shirt
img (690).jpg,men,red,shirt
img (691).jpg,men,red,shirt
img (692).jpg,men,red,shoe
img (693).jpg,men,red,shirt
img (694).jpg,men,red,shirt
img (695).jpg,men,red,shirt
img (696).jpg,men,red,shirt
img (697).jpg,men,red,shirt
img (698).jpg,men,red,shirt
img (699).jpg,men,red,shirt
img (700).jpg,men,red,shirt
img (701).jpg,men,red,shirt
img (702).jpg,men,red,shirt
img (703).jpg,men,red,shirt
img (704).jpg,men,red,shirt
img (705).jpg,women,pink,shoe
img (706).jpg,women,red,shoe
img (707).jpg,women,black,shoe
img (708).jpg,women,gray,shoe
img (709).jpg,men,pink,shirt
img (710).jpg,men,red,shirt
img (711).jpg,men,red,shirt
img (712).jpg,men,red,shirt
img (713).jpg,men,red,shirt
img (714).jpg,men,red,shirt
img (715).jpg,men,red,shirt
img (716).jpg,men,red,shirt
img (717).jpg,men,red,shirt
img (718).jpg,women,yellow,shoe
img (719).jpg,women,black,shoe
img (720).jpg,women,blue,shoe
img (721).jpg,women,gray,shoe
img (722).jpg,women,red,shoe
img (723).jpg,women,black,shoe
img (724).jpg,women,blue,shoe
img (725).jpg,women,black,shoe
img (726).jpg,women,brown,shoe
img (727).jpg,women,black,shoe
img (728).jpg,women,brown,shoe
img (729).jpg,women,black,shoe
img (730).jpg,women,brown,shoe
img (731).jpg,women,red,shoe
img (732).jpg,women,black,shoe
img (733).jpg,women,red,shoe
img (734).jpg,women,gray,shoe
img (735).jpg,women,black,shoe
img (736).jpg,women,brown,shoe
img (737).jpg,women,black,shoe
img (738).jpg,women,brown,shoe
img (739).jpg,women,gray,shoe
img (740).jpg,women,gray,shoe
img (741).jpg,women,brown,shoe
img (742).jpg,women,red,shoe
img (743).jpg,women,yellow,shoe
img (744).jpg,women,black,shoe
img (745).jpg,women,black,shoe
img (746).jpg,women,yellow,shoe
img (747).jpg,women,black,shoe
img (748).jpg,women,black,shoe
img (749).jpg,women,yellow,shoe
img (750).jpg,women,black,shoe
img (751).jpg,women,red,shirt
img (752).jpg,women,red,shirt
img (753).jpg,women,red,shirt
img (754).jpg,women,red,shoe
img (755).jpg,men,red,shirt
img (756).jpg,women,red,shoe
img (757).jpg,women,blue,shoe
img (758).jpg,women,orange,shoe
img (759).jpg,women,yellow,shoe
img (760).jpg,women,orange,shoe
img (761).jpg,women,black,shoe
img (762).jpg,women,pink,shoe
img (763).jpg,women,brown,shoe
img (764).jpg,women,green,shoe
img (765).jpg,women,blue,shoe
img (766).jpg,women,purple,shoe
img (767).jpg,women,black,shoe
img (768).jpg,women,brown,shoe
img (769).jpg,women,red,shoe
img (770).jpg,women,red,shoe
img (771).jpg,women,pink,shoe
img (772).jpg,women,pink,shoe
img (773).jpg,women,white,shoe
img (774).jpg,women,white,shirt
img (775).jpg,women,white,shirt
img (776).jpg,women,pink,shirt
img (777).jpg,women,green,shirt
img (778).jpg,women,white,shirt
img (779).jpg,women,white,shirt
img (780).jpg,women,red,shirt
img (781).jpg,men,red,shirt
img (782).jpg,men,red,pant
img (783).jpg,women,pink,shoe
img (784).jpg,men,red,shirt
img (785).jpg,men,red,shirt
img (786).jpg,men,red,shirt
img (787).jpg,men,red,shirt
img (788).jpg,men,red,shirt
img (789).jpg,men,red,shirt
img (790).jpg,men,red,shirt
img (791).jpg,men,red,shirt
img (792).jpg,women,red,shirt
img (793).jpg,women,red,shirt
img (794).jpg,men,red,shirt
img (795).jpg,men,red,shirt
img (796).jpg,men,red,shirt
img (797).jpg,men,red,shirt
img (798).jpg,women,red,shirt
img (799).jpg,women,red,shirt
img (800).jpg,women,red,shirt
img (801).jpg,women,red,shoe
img (802).jpg,men,red,shirt
img (803).jpg,women,black,shoe
img (804).jpg,women,black,shoe
img (805).jpg,women,brown,shoe
img (806).jpg,women,black,shoe
img (807).jpg,women,orange,shoe
img (808).jpg,women,red,shoe
img (809).jpg,women,blue,shoe
img (810).jpg,women,blue,shoe
img (811).jpg,women,black,shoe
img (812).jpg,women,black,shoe
img (813).jpg,women,brown,shoe
img (814).jpg,men,red,shoe
img (815).jpg,women,brown,shoe
img (816).jpg,women,brown,shoe
img (817).jpg,women,brown,shoe
img (818).jpg,women,brown,shoe
img (819).jpg,women,white,shoe
img (820).jpg,women,white,shoe
img (821).jpg,women,white,shoe
img (822).jpg,women,red,shoe
img (823).jpg,women,brown,shoe
img (824).jpg,women,white,shoe
img (825).jpg,women,white,shoe
img (826).jpg,women,brown,shoe
img (827).jpg,women,brown,shoe
img (828).jpg,women,pink,shoe
img (829).jpg,women,brown,shoe
img (830).jpg,women,brown,shoe
img (831).jpg,women,black,shoe
img (832).jpg,women,white,shoe
img (833).jpg,women,black,shoe
img (834).jpg,women,red,shoe
img (835).jpg,women,white,shoe
img (836).jpg,women,white,shoe
img (837).jpg,women,black,shoe
img (838).jpg,women,brown,shoe
img (839).jpg,women,black,shoe
img (840).jpg,women,white,shoe
img (841).jpg,women,black,shoe
img (842).jpg,women,black,shoe
img (843).jpg,women,black,shoe
img (844).jpg,women,black,shoe
img (845).jpg,women,brown,shoe
img (846).jpg,women,brown,shoe
img (847).jpg,women,brown,shoe
img (848).jpg,women,brown,shoe
img (849).jpg,women,brown,shoe
img (850).jpg,women,brown,shoe
img (851).jpg,women,brown,shoe
img (852).jpg,women,brown,shoe
img (853).jpg,women,brown,shoe
img (854).jpg,women,brown,shoe
img (855).jpg,women,brown,shoe
img (856).jpg,women,brown,shoe
img (857).jpg,women,brown,shoe
img (858).jpg,women,brown,shoe
img (859).jpg,women,brown,shoe
img (860).jpg,women,brown,shoe
img (861).jpg,women,brown,shoe
img (862).jpg,women,brown,shoe
img (863).jpg,women,red,shoe
img (864).jpg,women,green,shoe
img (865).jpg,women,brown,shoe
img (866).jpg,women,white,shoe
img (867).jpg,women,black,shoe
img (868).jpg,women,blue,shoe
img (869).jpg,women,purple,shoe
img (870).jpg,women,white,shoe
img (871).jpg,women,white,shoe
img (872).jpg,women,black,shoe
img (873).jpg,women,black,shoe
img (874).jpg,women,brown,shoe
img (875).jpg,women,white,shoe
img (876).jpg,women,yellow,shoe
img (877).jpg,women,white,shoe
img (878).jpg,women,white,shoe
img (879).jpg,women,white,shoe
img (880).jpg,women,white,shoe
img (881).jpg,women,pink,shoe
img (882).jpg,women,purple,shoe
img (883).jpg,women,red,shoe
img (884).jpg,women,yellow,shoe
img (885).jpg,women,brown,shoe
img (886).jpg,women,black,shoe
img (887).jpg,women,brown,shoe
img (888).jpg,women,pink,shoe
img (889).jpg,women,brown,shoe
img (890).jpg,women,brown,shoe
img (891).jpg,women,brown,shoe
img (892).jpg,women,brown,shoe
img (893).jpg,women,brown,shoe
img (894).jpg,women,brown,shoe
img (895).jpg,women,brown,shoe
img (896).jpg,women,brown,shoe
img (897).jpg,women,brown,shoe
img (898).jpg,women,brown,shoe
img (899).jpg,women,brown,shoe
img (900).jpg,women,brown,shoe
img (901).jpg,women,pink,shoe
img (902).jpg,women,black,shoe
img (903).jpg,women,purple,shoe
img (904).jpg,women,pink,shoe
img (905).jpg,women,brown,shoe
img (906).jpg,women,red,shoe
img (907).jpg,women,orange,shoe
img (908).jpg,women,pink,shoe
img (909).jpg,women,red,shoe
img (910).jpg,women,yellow,shoe
img (911).jpg,women,black,shoe
img (912).jpg,women,yellow,shoe
img (913).jpg,women,brown,shoe
img (914).jpg,women,white,shoe
img (915).jpg,women,black,shoe
img (916).jpg,women,brown,shoe
img (917).jpg,women,brown,shoe
img (918).jpg,women,brown,shoe
img (919).jpg,men,red,shirt
img (920).jpg,women,black,shoe
img (921).jpg,women,white,shoe
img (922).jpg,women,red,shoe
img (923).jpg,women,green,shoe
img (924).jpg,women,white,shoe
img (925).jpg,women,black,shoe
img (926).jpg,women,gray,shoe
img (927).jpg,women,black,shoe
img (928).jpg,women,white,shoe
img (929).jpg,women,black,shoe
img (930).jpg,women,black,shoe
img (931).jpg,women,brown,shoe
img (932).jpg,women,brown,shoe
img (933).jpg,women,gray,shoe
img (934).jpg,women,gray,shoe
img (935).jpg,women,brown,shoe
img (936).jpg,women,black,shoe
img (937).jpg,women,black,shoe
img (938).jpg,women,orange,shoe
img (939).jpg,women,brown,shoe
img (940).jpg,women,brown,shoe
img (941).jpg,women,black,shoe
img (942).jpg,women,gray,shoe
img (943).jpg,women,brown,shoe
img (944).jpg,women,black,shoe
img (945).jpg,women,black,shoe
img (946).jpg,women,blue,shoe
img (947).jpg,women,blue,shoe
img (948).jpg,women,red,shoe
img (949).jpg,women,gray,shoe
img (950).jpg,women,red,shoe
img (951).jpg,women,red,shoe
img (952).jpg,women,purple,shoe
img (953).jpg,women,red,shoe
img (954).jpg,women,gray,shoe
img (955).jpg,women,brown,shoe
img (956).jpg,women,blue,shoe
img (957).jpg,women,gray,shoe
img (958).jpg,women,black,shoe
img (959).jpg,women,blue,shoe
img (960).jpg,women,gray,shoe
img (961).jpg,women,blue,shoe
img (962).jpg,women,black,shoe
img (963).jpg,women,black,shoe
img (964).jpg,women,blue,shoe
img (965).jpg,women,red,shoe
img (966).jpg,women,blue,shoe
img (967).jpg,women,red,shoe
img (968).jpg,women,brown,shirt
img (969).jpg,women,brown,shirt
img (970).jpg,women,brown,shirt
img (971).jpg,women,brown,shirt
img (972).jpg,women,brown,shirt
img (973).jpg,women,brown,shirt
img (974).jpg,men,brown,shirt
img (975).jpg,men,brown,shirt
img (976).jpg,men,brown,shirt
img (977).jpg,men,brown,shirt
img (978).jpg,men,brown,shirt
img (979).jpg,men,brown,shirt
img (980).jpg,men,blue,pant
img (981).jpg,women,gray,shirt
img (982).jpg,men,black,shoe
img (983).jpg,men,white,shirt
img (984).jpg,men,blue,pant
img (985).jpg,women,gray,shoe
img (986).jpg,women,green,pant
img (987).jpg,men,green,shirt
img (988).jpg,women,yellow,shirt
img (989).jpg,men,green,shoe
img (990).jpg,men,blue,shoe
img (991).jpg,men,gray,shoe
img (992).jpg,women,black,shoe
img (993).jpg,men,blue,shirt
img (994).jpg,men,orange,pant
img (995).jpg,women,black,shirt
img (996).jpg,men,green,shirt
img (997).jpg,women,black,pant
img (998).jpg,women,yellow,shirt
img (999).jpg,men,gray,pant
img (1000).jpg,men,black,shoe
img (1001).jpg,women,white,shoe
img (1002).jpg,men,brown,shirt
img (1003).jpg,men,green,shirt
img (1004).jpg,women,white,shoe
img (1005).jpg,women,gray,pant
img (1006).jpg,women,yellow,pant
img (1007).jpg,men,black,shoe
img (1008).jpg,women,brown,pant
img (1009).jpg,women,white,pant
img (1010).jpg,men,blue,shirt
img (1011).jpg,women,black,pant
img (1012).jpg,women,blue,pant
img (1013).jpg,women,blue,shoe
img (1014).jpg,women,red,shirt
img (1015).jpg,men,black,shoe
img (1016).jpg,men,white,shirt
img (1017).jpg,men,white,shoe
img (1018).jpg,men,brown,shoe
img (1019).jpg,women,blue,shirt
