id,filename,label,gender,color,category
1,img (1).jpg,men red shirt,men,red,shirt
2,img (2).jpg,men blue shirt,men,blue,shirt
3,img (3).jpg,men blue shirt,men,blue,shirt
4,img (4).jpg,men red shirt,men,red,shirt
5,img (5).jpg,men black shirt,men,black,shirt
6,img (6).jpg,men orange shirt,men,orange,shirt
7,img (7).jpg,men gray shirt,men,gray,shirt
8,img (8).jpg,men blue shirt,men,blue,shirt
9,img (9).jpg,men white shoe,men,white,shoe
10,img (10).jpg,men black shoe,men,black,shoe
11,img (11).jpg,men white shoe,men,white,shoe
12,img (12).jpg,women white shirt,women,white,shirt
13,img (13).jpg,men blue shirt,men,blue,shirt
14,img (14).jpg,men gray shoe,men,gray,shoe
15,img (15).jpg,men red shoe,men,red,shoe
16,img (16).jpg,men black pant,men,black,pant
17,img (17).jpg,men blue pant,men,blue,pant
18,img (18).jpg,men white shoe,men,white,shoe
19,img (19).jpg,men purple shoe,men,purple,shoe
20,img (20).jpg,men yellow shoe,men,yellow,shoe
21,img (21).jpg,men green shirt,men,green,shirt
22,img (22).jpg,men white shirt,men,white,shirt
23,img (23).jpg,men black shirt,men,black,shirt
24,img (24).jpg,women green shirt,women,green,shirt
25,img (25).jpg,women pink shirt,women,pink,shirt
26,img (26).jpg,men black shoe,men,black,shoe
27,img (27).jpg,men gray shoe,men,gray,shoe
28,img (28).jpg,men gray shoe,men,gray,shoe
29,img (29).jpg,men orange shirt,men,orange,shirt
30,img (30).jpg,men yellow shirt,men,yellow,shirt
31,img (31).jpg,men purple shirt,men,purple,shirt
32,img (32).jpg,men brown shirt,men,brown,shirt
33,img (33).jpg,men white shirt,men,white,shirt
34,img (34).jpg,men yellow shirt,men,yellow,shirt
35,img (35).jpg,men purple shirt,men,purple,shirt
36,img (36).jpg,men gray shirt,men,gray,shirt
37,img (37).jpg,men red shirt,men,red,shirt
38,img (38).jpg,men red shirt,men,red,shirt
39,img (39).jpg,men white shirt,men,white,shirt
40,img (40).jpg,men brown shirt,men,brown,shirt
41,img (41).jpg,men gray shirt,men,gray,shirt
42,img (42).jpg,men gray shirt,men,gray,shirt
43,img (43).jpg,men green shirt,men,green,shirt
44,img (44).jpg,men orange shirt,men,orange,shirt
45,img (45).jpg,men gray shirt,men,gray,shirt
46,img (46).jpg,men gray pant,men,gray,pant
47,img (47).jpg,men black pant,men,black,pant
48,img (48).jpg,men blue shirt,men,blue,shirt
49,img (49).jpg,men white shirt,men,white,shirt
50,img (50).jpg,women blue shirt,women,blue,shirt
51,img (51).jpg,women white shirt,women,white,shirt
52,img (52).jpg,women red shirt,women,red,shirt
53,img (53).jpg,women blue shirt,women,blue,shirt
54,img (54).jpg,women orange shirt,women,orange,shirt
55,img (55).jpg,women gray shirt,women,gray,shirt
56,img (56).jpg,women yellow shirt,women,yellow,shirt
57,img (57).jpg,men gray pant,men,gray,pant
58,img (58).jpg,men white shirt,men,white,shirt
59,img (59).jpg,men gray shirt,men,gray,shirt
60,img (60).jpg,men green shirt,men,green,shirt
61,img (61).jpg,men purple shirt,men,purple,shirt
62,img (62).jpg,men yellow shirt,men,yellow,shirt
63,img (63).jpg,men gray shirt,men,gray,shirt
64,img (64).jpg,men orange shirt,men,orange,shirt
65,img (65).jpg,men pink shirt,men,pink,shirt
66,img (66).jpg,men blue shirt,men,blue,shirt
67,img (67).jpg,men blue shirt,men,blue,shirt
68,img (68).jpg,men blue shirt,men,blue,shirt
69,img (69).jpg,men gray shirt,men,gray,shirt
70,img (70).jpg,women black shirt,women,black,shirt
71,img (71).jpg,men white shirt,men,white,shirt
72,img (72).jpg,men white shirt,men,white,shirt
73,img (73).jpg,women blue pant,women,blue,pant
74,img (74).jpg,men white shoe,men,white,shoe
75,img (75).jpg,men white shoe,men,white,shoe
76,img (76).jpg,women green shoe,women,green,shoe
77,img (77).jpg,men black shoe,men,black,shoe
78,img (78).jpg,men black pant,men,black,pant
79,img (79).jpg,men purple shirt,men,purple,shirt
80,img (80).jpg,men purple shirt,men,purple,shirt
81,img (81).jpg,men blue shirt,men,blue,shirt
82,img (82).jpg,men green shirt,men,green,shirt
83,img (83).jpg,men blue shirt,men,blue,shirt
84,img (84).jpg,men white shirt,men,white,shirt
85,img (85).jpg,women black shirt,women,black,shirt
86,img (86).jpg,women white shirt,women,white,shirt
87,img (87).jpg,men yellow shirt,men,yellow,shirt
88,img (88).jpg,men purple shirt,men,purple,shirt
89,img (89).jpg,men green shirt,men,green,shirt
90,img (90).jpg,men red shirt,men,red,shirt
91,img (91).jpg,women green shirt,women,green,shirt
92,img (92).jpg,women pink shirt,women,pink,shirt
93,img (93).jpg,men white shirt,men,white,shirt
94,img (94).jpg,men white shirt,men,white,shirt
95,img (95).jpg,men blue shirt,men,blue,shirt
96,img (96).jpg,men white shirt,men,white,shirt
97,img (97).jpg,men red shirt,men,red,shirt
98,img (98).jpg,women pink shirt,women,pink,shirt
99,img (99).jpg,women black shirt,women,black,shirt
100,img (100).jpg,women black shirt,women,black,shirt
101,img (101).jpg,men yellow shirt,men,yellow,shirt
102,img (102).jpg,men purple shirt,men,purple,shirt
103,img (103).jpg,men white shirt,men,white,shirt
104,img (104).jpg,women orange shirt,women,orange,shirt
105,img (105).jpg,women pink shirt,women,pink,shirt
106,img (106).jpg,women black shirt,women,black,shirt
107,img (107).jpg,men pink shirt,men,pink,shirt
108,img (108).jpg,men orange shirt,men,orange,shirt
109,img (109).jpg,men white shirt,men,white,shirt
110,img (110).jpg,men white shirt,men,white,shirt
111,img (111).jpg,women pink shirt,women,pink,shirt
112,img (112).jpg,men red shirt,men,red,shirt
113,img (113).jpg,men black pant,men,black,pant
114,img (114).jpg,men orange shirt,men,orange,shirt
115,img (115).jpg,women pink shirt,women,pink,shirt
116,img (116).jpg,men black shirt,men,black,shirt
117,img (117).jpg,women pink shirt,women,pink,shirt
118,img (118).jpg,men green shirt,men,green,shirt
119,img (119).jpg,men white shirt,men,white,shirt
120,img (120).jpg,men black shirt,men,black,shirt
121,img (121).jpg,men orange shirt,men,orange,shirt
122,img (122).jpg,men blue shirt,men,blue,shirt
123,img (123).jpg,men white shirt,men,white,shirt
124,img (124).jpg,women white shirt,women,white,shirt
125,img (125).jpg,men white shirt,men,white,shirt
126,img (126).jpg,men white shirt,men,white,shirt
127,img (127).jpg,men black shirt,men,black,shirt
128,img (128).jpg,men gray shirt,men,gray,shirt
129,img (129).jpg,men white shirt,men,white,shirt
130,img (130).jpg,men white shirt,men,white,shirt
131,img (131).jpg,men purple shirt,men,purple,shirt
132,img (132).jpg,men black shirt,men,black,shirt
133,img (133).jpg,men white shoe,men,white,shoe
134,img (134).jpg,men gray shoe,men,gray,shoe
135,img (135).jpg,women white shoe,women,white,shoe
136,img (136).jpg,women white shoe,women,white,shoe
137,img (137).jpg,women black shoe,women,black,shoe
138,img (138).jpg,women black shoe,women,black,shoe
139,img (139).jpg,women brown shoe,women,brown,shoe
140,img (140).jpg,women blue shoe,women,blue,shoe
141,img (141).jpg,women orange shoe,women,orange,shoe
142,img (142).jpg,women black shoe,women,black,shoe
143,img (143).jpg,women black shoe,women,black,shoe
144,img (144).jpg,women white shoe,women,white,shoe
145,img (145).jpg,women white shoe,women,white,shoe
146,img (146).jpg,women white shoe,women,white,shoe
147,img (147).jpg,women black shoe,women,black,shoe
148,img (148).jpg,women black shoe,women,black,shoe
149,img (149).jpg,women black shoe,women,black,shoe
150,img (150).jpg,women black shoe,women,black,shoe
151,img (151).jpg,women white shoe,women,white,shoe
152,img (152).jpg,women black pant,women,black,pant
153,img (153).jpg,women blue pant,women,blue,pant
154,img (154).jpg,women black pant,women,black,pant
155,img (155).jpg,women pink shirt,women,pink,shirt
156,img (156).jpg,women purple shirt,women,purple,shirt
157,img (157).jpg,women red shirt,women,red,shirt
158,img (158).jpg,women yellow shirt,women,yellow,shirt
159,img (159).jpg,men black shirt,men,black,shirt
160,img (160).jpg,men black shirt,men,black,shirt
161,img (161).jpg,men black shirt,men,black,shirt
162,img (162).jpg,men red shirt,men,red,shirt
163,img (163).jpg,men white shirt,men,white,shirt
164,img (164).jpg,men white shirt,men,white,shirt
165,img (165).jpg,men blue shirt,men,blue,shirt
166,img (166).jpg,men white shirt,men,white,shirt
167,img (167).jpg,men black shirt,men,black,shirt
168,img (168).jpg,men black shirt,men,black,shirt
169,img (169).jpg,women black shirt,women,black,shirt
170,img (170).jpg,men green shirt,men,green,shirt
171,img (171).jpg,men black shirt,men,black,shirt
172,img (172).jpg,men black shirt,men,black,shirt
173,img (173).jpg,men blue shirt,men,blue,shirt
174,img (174).jpg,men black shirt,men,black,shirt
175,img (175).jpg,men black shirt,men,black,shirt
176,img (176).jpg,men red shirt,men,red,shirt
177,img (177).jpg,men purple shirt,men,purple,shirt
178,img (178).jpg,women black shirt,women,black,shirt
179,img (179).jpg,women black shirt,women,black,shirt
180,img (180).jpg,women pink shirt,women,pink,shirt
181,img (181).jpg,women green shirt,women,green,shirt
182,img (182).jpg,women purple shirt,women,purple,shirt
183,img (183).jpg,men green shirt,men,green,shirt
184,img (184).jpg,men white shirt,men,white,shirt
185,img (185).jpg,men blue shirt,men,blue,shirt
186,img (186).jpg,men purple shirt,men,purple,shirt
187,img (187).jpg,men black shirt,men,black,shirt
188,img (188).jpg,men red shirt,men,red,shirt
189,img (189).jpg,men blue shirt,men,blue,shirt
190,img (190).jpg,men black shirt,men,black,shirt
191,img (191).jpg,men white shirt,men,white,shirt
192,img (192).jpg,men black shirt,men,black,shirt
193,img (193).jpg,men yellow shirt,men,yellow,shirt
194,img (194).jpg,men gray shirt,men,gray,shirt
195,img (195).jpg,men brown shirt,men,brown,shirt
196,img (196).jpg,men brown shirt,men,brown,shirt
197,img (197).jpg,men blue shirt,men,blue,shirt
198,img (198).jpg,men white shirt,men,white,shirt
199,img (199).jpg,men yellow shirt,men,yellow,shirt
200,img (200).jpg,men brown shirt,men,brown,shirt
201,img (201).jpg,men black shoe,men,black,shoe
202,img (202).jpg,men blue shoe,men,blue,shoe
203,img (203).jpg,men gray shoe,men,gray,shoe
204,img (204).jpg,men black shoe,men,black,shoe
205,img (205).jpg,men blue shoe,men,blue,shoe
206,img (206).jpg,men white shoe,men,white,shoe
207,img (207).jpg,men white shoe,men,white,shoe
208,img (208).jpg,men white shoe,men,white,shoe
209,img (209).jpg,men white shoe,men,white,shoe
210,img (210).jpg,men black shoe,men,black,shoe
211,img (211).jpg,men white shoe,men,white,shoe
212,img (212).jpg,men black shoe,men,black,shoe
213,img (213).jpg,men white shoe,men,white,shoe
214,img (214).jpg,men black shoe,men,black,shoe
215,img (215).jpg,men black shoe,men,black,shoe
216,img (216).jpg,men white shoe,men,white,shoe
217,img (217).jpg,men white shoe,men,white,shoe
218,img (218).jpg,men black shoe,men,black,shoe
219,img (219).jpg,men black shoe,men,black,shoe
220,img (220).jpg,men gray shoe,men,gray,shoe
221,img (221).jpg,women white shoe,women,white,shoe
222,img (222).jpg,men white shoe,men,white,shoe
223,img (223).jpg,women black shirt,women,black,shirt
224,img (224).jpg,women purple shirt,women,purple,shirt
225,img (225).jpg,women purple shirt,women,purple,shirt
226,img (226).jpg,women pink shirt,women,pink,shirt
227,img (227).jpg,women yellow shirt,women,yellow,shirt
228,img (228).jpg,women pink shoe,women,pink,shoe
229,img (229).jpg,men white shoe,men,white,shoe
230,img (230).jpg,men white shoe,men,white,shoe
231,img (231).jpg,men black shoe,men,black,shoe
232,img (232).jpg,men black shoe,men,black,shoe
233,img (233).jpg,men white shoe,men,white,shoe
234,img (234).jpg,men pink shoe,men,pink,shoe
235,img (235).jpg,men black shoe,men,black,shoe
236,img (236).jpg,men black shoe,men,black,shoe
237,img (237).jpg,men gray shoe,men,gray,shoe
238,img (238).jpg,men white shoe,men,white,shoe
239,img (239).jpg,men white shoe,men,white,shoe
240,img (240).jpg,men white shoe,men,white,shoe
241,img (241).jpg,men white shoe,men,white,shoe
242,img (242).jpg,men gray shoe,men,gray,shoe
243,img (243).jpg,men white shoe,men,white,shoe
244,img (244).jpg,men gray shoe,men,gray,shoe
245,img (245).jpg,men black shoe,men,black,shoe
246,img (246).jpg,men gray shoe,men,gray,shoe
247,img (247).jpg,men gray shoe,men,gray,shoe
248,img (248).jpg,men gray shoe,men,gray,shoe
249,img (249).jpg,men gray shoe,men,gray,shoe
250,img (250).jpg,men black shoe,men,black,shoe
251,img (251).jpg,men gray shoe,men,gray,shoe
252,img (252).jpg,men gray shoe,men,gray,shoe
253,img (253).jpg,men white shoe,men,white,shoe
254,img (254).jpg,men white shoe,men,white,shoe
255,img (255).jpg,men white shoe,men,white,shoe
256,img (256).jpg,men gray shoe,men,gray,shoe
257,img (257).jpg,men black shoe,men,black,shoe
258,img (258).jpg,men gray shoe,men,gray,shoe
259,img (259).jpg,men gray shoe,men,gray,shoe
260,img (260).jpg,men gray shoe,men,gray,shoe
261,img (261).jpg,men gray shoe,men,gray,shoe
262,img (262).jpg,men gray shoe,men,gray,shoe
263,img (263).jpg,men gray shoe,men,gray,shoe
264,img (264).jpg,men white shoe,men,white,shoe
265,img (265).jpg,men blue shoe,men,blue,shoe
266,img (266).jpg,men black shoe,men,black,shoe
267,img (267).jpg,men black shoe,men,black,shoe
268,img (268).jpg,women black shirt,women,black,shirt
269,img (269).jpg,women black shirt,women,black,shirt
270,img (270).jpg,women black shirt,women,black,shirt
271,img (271).jpg,men gray shoe,men,gray,shoe
272,img (272).jpg,men gray shoe,men,gray,shoe
273,img (273).jpg,men white shoe,men,white,shoe
274,img (274).jpg,men gray shoe,men,gray,shoe
275,img (275).jpg,men white shoe,men,white,shoe
276,img (276).jpg,men white shoe,men,white,shoe
277,img (277).jpg,men white shoe,men,white,shoe
278,img (278).jpg,men white shoe,men,white,shoe
279,img (279).jpg,men gray shoe,men,gray,shoe
280,img (280).jpg,men gray shoe,men,gray,shoe
281,img (281).jpg,men white shoe,men,white,shoe
282,img (282).jpg,men black shoe,men,black,shoe
283,img (283).jpg,men brown shoe,men,brown,shoe
284,img (284).jpg,men black shoe,men,black,shoe
285,img (285).jpg,women white shirt,women,white,shirt
286,img (286).jpg,women black shirt,women,black,shirt
287,img (287).jpg,women black shirt,women,black,shirt
288,img (288).jpg,women black shirt,women,black,shirt
289,img (289).jpg,women black shirt,women,black,shirt
290,img (290).jpg,women black shirt,women,black,shirt
291,img (291).jpg,women black shirt,women,black,shirt
292,img (292).jpg,women black shirt,women,black,shirt
293,img (293).jpg,women black shirt,women,black,shirt
294,img (294).jpg,women black shirt,women,black,shirt
295,img (295).jpg,women red shirt,women,red,shirt
296,img (296).jpg,women yellow shirt,women,yellow,shirt
297,img (297).jpg,women black shirt,women,black,shirt
298,img (298).jpg,women pink shirt,women,pink,shirt
299,img (299).jpg,women black shirt,women,black,shirt
300,img (300).jpg,women black shirt,women,black,shirt
301,img (301).jpg,women pink shirt,women,pink,shirt
302,img (302).jpg,women black shirt,women,black,shirt
303,img (303).jpg,women green shirt,women,green,shirt
304,img (304).jpg,women black shirt,women,black,shirt
305,img (305).jpg,women brown shirt,women,brown,shirt
306,img (306).jpg,women white shirt,women,white,shirt
307,img (307).jpg,women purple shirt,women,purple,shirt
308,img (308).jpg,women red shirt,women,red,shirt
309,img (309).jpg,women pink shirt,women,pink,shirt
310,img (310).jpg,women red shirt,women,red,shirt
311,img (311).jpg,women pink shirt,women,pink,shirt
312,img (312).jpg,women yellow shirt,women,yellow,shirt
313,img (313).jpg,women green shirt,women,green,shirt
314,img (314).jpg,women white shirt,women,white,shirt
315,img (315).jpg,women purple shirt,women,purple,shirt
316,img (316).jpg,women blue shirt,women,blue,shirt
317,img (317).jpg,women pink shirt,women,pink,shirt
318,img (318).jpg,men white shoe,men,white,shoe
319,img (319).jpg,men black shoe,men,black,shoe
320,img (320).jpg,men white shoe,men,white,shoe
321,img (321).jpg,men black shoe,men,black,shoe
322,img (322).jpg,men white shoe,men,white,shoe
323,img (323).jpg,men white shoe,men,white,shoe
324,img (324).jpg,men white shoe,men,white,shoe
325,img (325).jpg,men white shoe,men,white,shoe
326,img (326).jpg,men black shoe,men,black,shoe
327,img (327).jpg,men white shoe,men,white,shoe
328,img (328).jpg,men white shoe,men,white,shoe
329,img (329).jpg,men white shoe,men,white,shoe
330,img (330).jpg,men white shoe,men,white,shoe
331,img (331).jpg,men white shoe,men,white,shoe
332,img (332).jpg,women pink shirt,women,pink,shirt
333,img (333).jpg,women yellow shirt,women,yellow,shirt
334,img (334).jpg,women white shirt,women,white,shirt
335,img (335).jpg,women yellow shirt,women,yellow,shirt
336,img (336).jpg,men red shirt,men,red,shirt
337,img (337).jpg,women green shirt,women,green,shirt
338,img (338).jpg,women purple shirt,women,purple,shirt
339,img (339).jpg,men yellow shirt,men,yellow,shirt
340,img (340).jpg,men yellow shirt,men,yellow,shirt
341,img (341).jpg,men white shirt,men,white,shirt
342,img (342).jpg,men blue shirt,men,blue,shirt
343,img (343).jpg,men black shirt,men,black,shirt
344,img (344).jpg,men green shirt,men,green,shirt
345,img (345).jpg,men blue shirt,men,blue,shirt
346,img (346).jpg,women black shirt,women,black,shirt
347,img (347).jpg,men red shirt,men,red,shirt
348,img (348).jpg,men red shirt,men,red,shirt
349,img (349).jpg,men gray shirt,men,gray,shirt
350,img (350).jpg,men gray shirt,men,gray,shirt
351,img (351).jpg,women black shirt,women,black,shirt
352,img (352).jpg,women black shirt,women,black,shirt
353,img (353).jpg,women white shirt,women,white,shirt
354,img (354).jpg,women pink shirt,women,pink,shirt
355,img (355).jpg,women pink shirt,women,pink,shirt
356,img (356).jpg,women white shirt,women,white,shirt
357,img (357).jpg,women white shirt,women,white,shirt
358,img (358).jpg,women yellow shirt,women,yellow,shirt
359,img (359).jpg,women yellow shirt,women,yellow,shirt
360,img (360).jpg,women green shirt,women,green,shirt
361,img (361).jpg,women green shirt,women,green,shirt
362,img (362).jpg,women pink shirt,women,pink,shirt
363,img (363).jpg,women pink shirt,women,pink,shirt
364,img (364).jpg,women pink shirt,women,pink,shirt
365,img (365).jpg,women pink shirt,women,pink,shirt
366,img (366).jpg,women pink shirt,women,pink,shirt
367,img (367).jpg,women pink shirt,women,pink,shirt
368,img (368).jpg,women white shirt,women,white,shirt
369,img (369).jpg,women white shirt,women,white,shirt
370,img (370).jpg,women pink shirt,women,pink,shirt
371,img (371).jpg,women pink shirt,women,pink,shirt
372,img (372).jpg,women pink shirt,women,pink,shirt
373,img (373).jpg,women pink shirt,women,pink,shirt
374,img (374).jpg,women blue pant,women,blue,pant
375,img (375).jpg,women blue pant,women,blue,pant
376,img (376).jpg,women white pant,women,white,pant
377,img (377).jpg,women pink pant,women,pink,pant
378,img (378).jpg,women gray pant,women,gray,pant
379,img (379).jpg,women black pant,women,black,pant
380,img (380).jpg,men black pant,men,black,pant
381,img (381).jpg,men white pant,men,white,pant
382,img (382).jpg,men blue pant,men,blue,pant
383,img (383).jpg,men green pant,men,green,pant
384,img (384).jpg,men black pant,men,black,pant
385,img (385).jpg,women black pant,women,black,pant
386,img (386).jpg,women blue pant,women,blue,pant
387,img (387).jpg,women blue pant,women,blue,pant
388,img (388).jpg,women blue pant,women,blue,pant
389,img (389).jpg,women blue pant,women,blue,pant
390,img (390).jpg,women blue pant,women,blue,pant
391,img (391).jpg,women black pant,women,black,pant
392,img (392).jpg,women blue pant,women,blue,pant
393,img (393).jpg,women black pant,women,black,pant
394,img (394).jpg,women black pant,women,black,pant
395,img (395).jpg,women gray pant,women,gray,pant
396,img (396).jpg,women gray pant,women,gray,pant
397,img (397).jpg,women black pant,women,black,pant
398,img (398).jpg,men black pant,men,black,pant
399,img (399).jpg,men black pant,men,black,pant
400,img (400).jpg,men white pant,men,white,pant
401,img (401).jpg,men white pant,men,white,pant
402,img (402).jpg,men black pant,men,black,pant
403,img (403).jpg,men black pant,men,black,pant
404,img (404).jpg,men white pant,men,white,pant
405,img (405).jpg,men yellow pant,men,yellow,pant
406,img (406).jpg,men yellow pant,men,yellow,pant
407,img (407).jpg,men black pant,men,black,pant
408,img (408).jpg,men gray pant,men,gray,pant
409,img (409).jpg,men white pant,men,white,pant
410,img (410).jpg,men white pant,men,white,pant
411,img (411).jpg,men gray pant,men,gray,pant
412,img (412).jpg,men gray pant,men,gray,pant
413,img (413).jpg,men blue pant,men,blue,pant
414,img (414).jpg,men green pant,men,green,pant
415,img (415).jpg,men black pant,men,black,pant
416,img (416).jpg,men black pant,men,black,pant
417,img (417).jpg,men black pant,men,black,pant
418,img (418).jpg,men gray pant,men,gray,pant
419,img (419).jpg,women blue pant,women,blue,pant
420,img (420).jpg,men blue pant,men,blue,pant
421,img (421).jpg,women blue pant,women,blue,pant
422,img (422).jpg,women blue pant,women,blue,pant
423,img (423).jpg,women black pant,women,black,pant
424,img (424).jpg,women blue pant,women,blue,pant
425,img (425).jpg,women blue pant,women,blue,pant
426,img (426).jpg,women blue pant,women,blue,pant
427,img (427).jpg,women blue pant,women,blue,pant
428,img (428).jpg,women black pant,women,black,pant
429,img (429).jpg,men black pant,men,black,pant
430,img (430).jpg,men gray pant,men,gray,pant
431,img (431).jpg,men blue pant,men,blue,pant
432,img (432).jpg,men blue pant,men,blue,pant
433,img (433).jpg,men black pant,men,black,pant
434,img (434).jpg,men blue pant,men,blue,pant
435,img (435).jpg,men blue pant,men,blue,pant
436,img (436).jpg,men black pant,men,black,pant
437,img (437).jpg,men blue pant,men,blue,pant
438,img (438).jpg,men gray pant,men,gray,pant
439,img (439).jpg,men gray pant,men,gray,pant
440,img (440).jpg,men blue pant,men,blue,pant
441,img (441).jpg,men blue pant,men,blue,pant
442,img (442).jpg,men blue pant,men,blue,pant
443,img (443).jpg,men blue pant,men,blue,pant
444,img (444).jpg,men black pant,men,black,pant
445,img (445).jpg,men black pant,men,black,pant
446,img (446).jpg,men blue pant,men,blue,pant
447,img (447).jpg,men black pant,men,black,pant
448,img (448).jpg,men blue pant,men,blue,pant
449,img (449).jpg,men black pant,men,black,pant
450,img (450).jpg,men blue pant,men,blue,pant
451,img (451).jpg,men blue pant,men,blue,pant
452,img (452).jpg,men black pant,men,black,pant
453,img (453).jpg,men black pant,men,black,pant
454,img (454).jpg,men white pant,men,white,pant
455,img (455).jpg,men black pant,men,black,pant
456,img (456).jpg,men blue pant,men,blue,pant
457,img (457).jpg,men blue pant,men,blue,pant
458,img (458).jpg,men black pant,men,black,pant
459,img (459).jpg,men blue pant,men,blue,pant
460,img (460).jpg,men red shirt,men,red,shirt
461,img (461).jpg,men gray shirt,men,gray,shirt
462,img (462).jpg,men white shirt,men,white,shirt
463,img (463).jpg,men red shirt,men,red,shirt
464,img (464).jpg,men black shirt,men,black,shirt
465,img (465).jpg,men blue shirt,men,blue,shirt
466,img (466).jpg,men gray pant,men,gray,pant
467,img (467).jpg,women black pant,women,black,pant
468,img (468).jpg,men black pant,men,black,pant
469,img (469).jpg,men gray pant,men,gray,pant
470,img (470).jpg,men gray pant,men,gray,pant
471,img (471).jpg,men gray pant,men,gray,pant
472,img (472).jpg,men gray pant,men,gray,pant
473,img (473).jpg,men blue pant,men,blue,pant
474,img (474).jpg,men blue pant,men,blue,pant
475,img (475).jpg,men blue pant,men,blue,pant
476,img (476).jpg,men black pant,men,black,pant
477,img (477).jpg,men blue pant,men,blue,pant
478,img (478).jpg,men blue pant,men,blue,pant
479,img (479).jpg,men blue pant,men,blue,pant
480,img (480).jpg,men black shoe,men,black,shoe
481,img (481).jpg,men black shoe,men,black,shoe
482,img (482).jpg,men black pant,men,black,pant
483,img (483).jpg,men blue pant,men,blue,pant
484,img (484).jpg,men blue pant,men,blue,pant
485,img (485).jpg,men blue pant,men,blue,pant
486,img (486).jpg,women black pant,women,black,pant
487,img (487).jpg,women black pant,women,black,pant
488,img (488).jpg,women blue pant,women,blue,pant
489,img (489).jpg,women black pant,women,black,pant
490,img (490).jpg,women black pant,women,black,pant
491,img (491).jpg,women black pant,women,black,pant
492,img (492).jpg,women blue pant,women,blue,pant
493,img (493).jpg,women gray pant,women,gray,pant
494,img (494).jpg,women black pant,women,black,pant
495,img (495).jpg,women black pant,women,black,pant
496,img (496).jpg,women blue pant,women,blue,pant
497,img (497).jpg,men black pant,men,black,pant
498,img (498).jpg,men white pant,men,white,pant
499,img (499).jpg,men yellow pant,men,yellow,pant
500,img (500).jpg,men brown pant,men,brown,pant
501,img (501).jpg,men yellow pant,men,yellow,pant
502,img (502).jpg,men white pant,men,white,pant
503,img (503).jpg,men gray pant,men,gray,pant
504,img (504).jpg,men gray pant,men,gray,pant
505,img (505).jpg,men gray pant,men,gray,pant
506,img (506).jpg,men gray pant,men,gray,pant
507,img (507).jpg,men white pant,men,white,pant
508,img (508).jpg,women black pant,women,black,pant
509,img (509).jpg,women black pant,women,black,pant
510,img (510).jpg,men black pant,men,black,pant
511,img (511).jpg,men black pant,men,black,pant
512,img (512).jpg,men blue pant,men,blue,pant
513,img (513).jpg,men blue pant,men,blue,pant
514,img (514).jpg,men blue pant,men,blue,pant
515,img (515).jpg,men black pant,men,black,pant
516,img (516).jpg,men blue pant,men,blue,pant
517,img (517).jpg,men black pant,men,black,pant
518,img (518).jpg,men gray pant,men,gray,pant
519,img (519).jpg,men blue pant,men,blue,pant
520,img (520).jpg,men black pant,men,black,pant
521,img (521).jpg,men black pant,men,black,pant
522,img (522).jpg,men gray pant,men,gray,pant
523,img (523).jpg,men blue pant,men,blue,pant
524,img (524).jpg,men blue pant,men,blue,pant
525,img (525).jpg,men black pant,men,black,pant
526,img (526).jpg,men gray pant,men,gray,pant
527,img (527).jpg,men gray pant,men,gray,pant
528,img (528).jpg,men blue pant,men,blue,pant
529,img (529).jpg,men blue pant,men,blue,pant
530,img (530).jpg,women black pant,women,black,pant
531,img (531).jpg,women black pant,women,black,pant
532,img (532).jpg,women blue pant,women,blue,pant
533,img (533).jpg,women blue pant,women,blue,pant
534,img (534).jpg,women blue pant,women,blue,pant
535,img (535).jpg,women blue pant,women,blue,pant
536,img (536).jpg,men blue pant,men,blue,pant
537,img (537).jpg,men black pant,men,black,pant
538,img (538).jpg,men gray pant,men,gray,pant
539,img (539).jpg,men black pant,men,black,pant
540,img (540).jpg,men blue pant,men,blue,pant
541,img (541).jpg,men white pant,men,white,pant
542,img (542).jpg,women gray pant,women,gray,pant
543,img (543).jpg,women green pant,women,green,pant
544,img (544).jpg,women black pant,women,black,pant
545,img (545).jpg,women black pant,women,black,pant
546,img (546).jpg,men gray pant,men,gray,pant
547,img (547).jpg,men blue pant,men,blue,pant
548,img (548).jpg,men black pant,men,black,pant
549,img (549).jpg,men blue pant,men,blue,pant
550,img (550).jpg,men blue pant,men,blue,pant
551,img (551).jpg,men gray pant,men,gray,pant
552,img (552).jpg,men blue pant,men,blue,pant
553,img (553).jpg,men blue pant,men,blue,pant
554,img (554).jpg,men blue pant,men,blue,pant
555,img (555).jpg,men blue pant,men,blue,pant
556,img (556).jpg,men blue pant,men,blue,pant
557,img (557).jpg,men black pant,men,black,pant
558,img (558).jpg,men blue pant,men,blue,pant
559,img (559).jpg,men blue pant,men,blue,pant
560,img (560).jpg,men blue pant,men,blue,pant
561,img (561).jpg,men black pant,men,black,pant
562,img (562).jpg,men black pant,men,black,pant
563,img (563).jpg,men black pant,men,black,pant
564,img (564).jpg,men black pant,men,black,pant
565,img (565).jpg,men blue pant,men,blue,pant
566,img (566).jpg,men blue pant,men,blue,pant
567,img (567).jpg,men blue pant,men,blue,pant
568,img (568).jpg,men blue pant,men,blue,pant
569,img (569).jpg,men blue pant,men,blue,pant
570,img (570).jpg,men orange shirt,men,orange,shirt
571,img (571).jpg,men white shirt,men,white,shirt
572,img (572).jpg,men gray shirt,men,gray,shirt
573,img (573).jpg,men black shirt,men,black,shirt
574,img (574).jpg,women white shirt,women,white,shirt
575,img (575).jpg,women white shirt,women,white,shirt
576,img (576).jpg,women yellow shirt,women,yellow,shirt
577,img (577).jpg,women pink shirt,women,pink,shirt
578,img (578).jpg,women black shirt,women,black,shirt
579,img (579).jpg,men gray shirt,men,gray,shirt
580,img (580).jpg,men white shoe,men,white,shoe
581,img (581).jpg,men white shoe,men,white,shoe
582,img (582).jpg,men gray shoe,men,gray,shoe
583,img (583).jpg,men white shoe,men,white,shoe
584,img (584).jpg,men black shoe,men,black,shoe
585,img (585).jpg,men black shoe,men,black,shoe
586,img (586).jpg,men black shoe,men,black,shoe
587,img (587).jpg,men white shoe,men,white,shoe
588,img (588).jpg,men blue pant,men,blue,pant
589,img (589).jpg,women pink shirt,women,pink,shirt
590,img (590).jpg,women pink shirt,women,pink,shirt
591,img (591).jpg,women pink shirt,women,pink,shirt
592,img (592).jpg,women pink shirt,women,pink,shirt
593,img (593).jpg,women pink shirt,women,pink,shirt
594,img (594).jpg,women pink shirt,women,pink,shirt
595,img (595).jpg,women pink shirt,women,pink,shirt
596,img (596).jpg,women pink shirt,women,pink,shirt
597,img (597).jpg,women pink shirt,women,pink,shirt
598,img (598).jpg,women pink shirt,women,pink,shirt
599,img (599).jpg,women pink shirt,women,pink,shirt
600,img (600).jpg,women pink shirt,women,pink,shirt
601,img (601).jpg,women pink shirt,women,pink,shirt
602,img (602).jpg,women pink shirt,women,pink,shirt
603,img (603).jpg,women pink shirt,women,pink,shirt
604,img (604).jpg,women pink shirt,women,pink,shirt
605,img (605).jpg,men pink shirt,men,pink,shirt
606,img (606).jpg,women pink shirt,women,pink,shirt
607,img (607).jpg,women pink shirt,women,pink,shirt
608,img (608).jpg,women pink shirt,women,pink,shirt
609,img (609).jpg,women pink shirt,women,pink,shirt
610,img (610).jpg,women pink pant,women,pink,pant
611,img (611).jpg,women pink shoe,women,pink,shoe
612,img (612).jpg,women pink shirt,women,pink,shirt
613,img (613).jpg,women pink shirt,women,pink,shirt
614,img (614).jpg,women pink shirt,women,pink,shirt
615,img (615).jpg,women pink shirt,women,pink,shirt
616,img (616).jpg,women pink shirt,women,pink,shirt
617,img (617).jpg,women pink shirt,women,pink,shirt
618,img (618).jpg,women pink shirt,women,pink,shirt
619,img (619).jpg,women pink pant,women,pink,pant
620,img (620).jpg,women pink shirt,women,pink,shirt
621,img (621).jpg,women pink shirt,women,pink,shirt
622,img (622).jpg,women pink shirt,women,pink,shirt
623,img (623).jpg,men pink shirt,men,pink,shirt
624,img (624).jpg,women pink shirt,women,pink,shirt
625,img (625).jpg,women pink shirt,women,pink,shirt
626,img (626).jpg,men pink shirt,men,pink,shirt
627,img (627).jpg,women pink shirt,women,pink,shirt
628,img (628).jpg,women pink shirt,women,pink,shirt
629,img (629).jpg,women pink shirt,women,pink,shirt
630,img (630).jpg,women pink shirt,women,pink,shirt
631,img (631).jpg,women pink shirt,women,pink,shirt
632,img (632).jpg,women pink shirt,women,pink,shirt
633,img (633).jpg,women pink shirt,women,pink,shirt
634,img (634).jpg,women pink shirt,women,pink,shirt
635,img (635).jpg,women pink shirt,women,pink,shirt
636,img (636).jpg,women pink shirt,women,pink,shirt
637,img (637).jpg,men pink shirt,men,pink,shirt
638,img (638).jpg,men pink shirt,men,pink,shirt
639,img (639).jpg,women pink shirt,women,pink,shirt
640,img (640).jpg,men pink shirt,men,pink,shirt
641,img (641).jpg,women pink shirt,women,pink,shirt
642,img (642).jpg,women pink shirt,women,pink,shirt
643,img (643).jpg,women pink shirt,women,pink,shirt
644,img (644).jpg,women pink shirt,women,pink,shirt
645,img (645).jpg,women pink shirt,women,pink,shirt
646,img (646).jpg,women pink shirt,women,pink,shirt
647,img (647).jpg,women pink shirt,women,pink,shirt
648,img (648).jpg,women pink shoe,women,pink,shoe
649,img (649).jpg,women pink shirt,women,pink,shirt
650,img (650).jpg,women pink shirt,women,pink,shirt
651,img (651).jpg,men pink shirt,men,pink,shirt
652,img (652).jpg,men pink shirt,men,pink,shirt
653,img (653).jpg,men pink shirt,men,pink,shirt
654,img (654).jpg,women pink shirt,women,pink,shirt
655,img (655).jpg,women pink shirt,women,pink,shirt
656,img (656).jpg,men pink shirt,men,pink,shirt
657,img (657).jpg,women pink pant,women,pink,pant
658,img (658).jpg,women pink shirt,women,pink,shirt
659,img (659).jpg,women pink shirt,women,pink,shirt
660,img (660).jpg,women pink shirt,women,pink,shirt
661,img (661).jpg,women pink shirt,women,pink,shirt
662,img (662).jpg,women pink pant,women,pink,pant
663,img (663).jpg,women pink shirt,women,pink,shirt
664,img (664).jpg,women pink shirt,women,pink,shirt
665,img (665).jpg,women pink shirt,women,pink,shirt
666,img (666).jpg,women pink pant,women,pink,pant
667,img (667).jpg,women pink shirt,women,pink,shirt
668,img (668).jpg,men pink shirt,men,pink,shirt
669,img (669).jpg,women pink shoe,women,pink,shoe
670,img (670).jpg,women pink shirt,women,pink,shirt
671,img (671).jpg,women pink shoe,women,pink,shoe
672,img (672).jpg,women pink shirt,women,pink,shirt
673,img (673).jpg,women pink shirt,women,pink,shirt
674,img (674).jpg,women pink pant,women,pink,pant
675,img (675).jpg,women pink shirt,women,pink,shirt
676,img (676).jpg,women pink shirt,women,pink,shirt
677,img (677).jpg,women pink shirt,women,pink,shirt
678,img (678).jpg,women pink pant,women,pink,pant
679,img (679).jpg,women pink pant,women,pink,pant
680,img (680).jpg,women pink shirt,women,pink,shirt
681,img (681).jpg,women pink shirt,women,pink,shirt
682,img (682).jpg,women pink shirt,women,pink,shirt
683,img (683).jpg,women pink shirt,women,pink,shirt
684,img (684).jpg,men green shoe,men,green,shoe
685,img (685).jpg,women red shirt,women,red,shirt
686,img (686).jpg,men red shirt,men,red,shirt
687,img (687).jpg,men red shoe,men,red,shoe
688,img (688).jpg,men red shoe,men,red,shoe
689,img (689).jpg,men red shirt,men,red,shirt
690,img (690).jpg,men red shirt,men,red,shirt
691,img (691).jpg,men red shirt,men,red,shirt
692,img (692).jpg,men red shoe,men,red,shoe
693,img (693).jpg,men red shirt,men,red,shirt
694,img (694).jpg,men red shirt,men,red,shirt
695,img (695).jpg,men red shirt,men,red,shirt
696,img (696).jpg,men red shirt,men,red,shirt
697,img (697).jpg,men red shirt,men,red,shirt
698,img (698).jpg,men red shirt,men,red,shirt
699,img (699).jpg,men red shirt,men,red,shirt
700,img (700).jpg,men red shirt,men,red,shirt
701,img (701).jpg,men red shirt,men,red,shirt
702,img (702).jpg,men red shirt,men,red,shirt
703,img (703).jpg,men red shirt,men,red,shirt
704,img (704).jpg,men red shirt,men,red,shirt
705,img (705).jpg,women pink shoe,women,pink,shoe
706,img (706).jpg,women red shoe,women,red,shoe
707,img (707).jpg,women red shirt,women,black,shoe
708,img (708).jpg,women red shirt,women,gray,shoe
709,img (709).jpg,women red shirt,men,pink,shirt
710,img (710).jpg,men red shirt,men,red,shirt
711,img (711).jpg,men red shirt,men,red,shirt
712,img (712).jpg,men red shirt,men,red,shirt
713,img (713).jpg,men red shirt,men,red,shirt
714,img (714).jpg,men red shirt,men,red,shirt
715,img (715).jpg,men red shirt,men,red,shirt
716,img (716).jpg,men red shirt,men,red,shirt
717,img (717).jpg,men red shirt,men,red,shirt
718,img (718).jpg,women yellow shoe,women,yellow,shoe
719,img (719).jpg,women black shoe,women,black,shoe
720,img (720).jpg,women blue shoe,women,blue,shoe
721,img (721).jpg,women gray shoe,women,gray,shoe
722,img (722).jpg,women red shoe,women,red,shoe
723,img (723).jpg,women black shoe,women,black,shoe
724,img (724).jpg,women blue shoe,women,blue,shoe
725,img (725).jpg,women black shoe,women,black,shoe
726,img (726).jpg,women brown shoe,women,brown,shoe
727,img (727).jpg,women black shoe,women,black,shoe
728,img (728).jpg,women brown shoe,women,brown,shoe
729,img (729).jpg,women black shoe,women,black,shoe
730,img (730).jpg,women brown shoe,women,brown,shoe
731,img (731).jpg,women red shoe,women,red,shoe
732,img (732).jpg,women black shoe,women,black,shoe
733,img (733).jpg,women red shoe,women,red,shoe
734,img (734).jpg,women gray shoe,women,gray,shoe
735,img (735).jpg,women black shoe,women,black,shoe
736,img (736).jpg,women brown shoe,women,brown,shoe
737,img (737).jpg,women black shoe,women,black,shoe
738,img (738).jpg,women brown shoe,women,brown,shoe
739,img (739).jpg,women gray shoe,women,gray,shoe
740,img (740).jpg,women gray shoe,women,gray,shoe
741,img (741).jpg,women brown shoe,women,brown,shoe
742,img (742).jpg,women red shoe,women,red,shoe
743,img (743).jpg,women yellow shoe,women,yellow,shoe
744,img (744).jpg,women black shoe,women,black,shoe
745,img (745).jpg,women black shoe,women,black,shoe
746,img (746).jpg,women yellow shoe,women,yellow,shoe
747,img (747).jpg,women black shoe,women,black,shoe
748,img (748).jpg,women black shoe,women,black,shoe
749,img (749).jpg,women yellow shoe,women,yellow,shoe
750,img (750).jpg,women black shoe,women,black,shoe
751,img (751).jpg,women red shirt,women,red,shirt
752,img (752).jpg,women red shirt,women,red,shirt
753,img (753).jpg,women red shirt,women,red,shirt
754,img (754).jpg,women red shoe,women,red,shoe
755,img (755).jpg,men red shirt,men,red,shirt
756,img (756).jpg,women red shoe,women,red,shoe
757,img (757).jpg,women blue shoe,women,blue,shoe
758,img (758).jpg,women orange shoe,women,orange,shoe
759,img (759).jpg,women yellow shoe,women,yellow,shoe
760,img (760).jpg,women orange shoe,women,orange,shoe
761,img (761).jpg,women black shoe,women,black,shoe
762,img (762).jpg,women pink shoe,women,pink,shoe
763,img (763).jpg,women brown shoe,women,brown,shoe
764,img (764).jpg,women green shoe,women,green,shoe
765,img (765).jpg,women blue shoe,women,blue,shoe
766,img (766).jpg,women purple shoe,women,purple,shoe
767,img (767).jpg,women black shoe,women,black,shoe
768,img (768).jpg,women brown shoe,women,brown,shoe
769,img (769).jpg,women red shoe,women,red,shoe
770,img (770).jpg,women red shoe,women,red,shoe
771,img (771).jpg,women pink shoe,women,pink,shoe
772,img (772).jpg,women pink shoe,women,pink,shoe
773,img (773).jpg,women white shoe,women,white,shoe
774,img (774).jpg,women white shirt,women,white,shirt
775,img (775).jpg,women white shirt,women,white,shirt
776,img (776).jpg,women pink shirt,women,pink,shirt
777,img (777).jpg,women green shirt,women,green,shirt
778,img (778).jpg,women white shirt,women,white,shirt
779,img (779).jpg,women white shirt,women,white,shirt
780,img (780).jpg,women red shirt,women,red,shirt
781,img (781).jpg,men red shirt,men,red,shirt
782,img (782).jpg,men red pant,men,red,pant
783,img (783).jpg,women pink shoe,women,pink,shoe
784,img (784).jpg,men red shirt,men,red,shirt
785,img (785).jpg,men red shirt,men,red,shirt
786,img (786).jpg,men red shirt,men,red,shirt
787,img (787).jpg,men red shirt,men,red,shirt
788,img (788).jpg,men red shirt,men,red,shirt
789,img (789).jpg,men red shirt,men,red,shirt
790,img (790).jpg,men red shirt,men,red,shirt
791,img (791).jpg,men red shirt,men,red,shirt
792,img (792).jpg,women red shirt,women,red,shirt
793,img (793).jpg,women red shirt,women,red,shirt
794,img (794).jpg,men red shirt,men,red,shirt
795,img (795).jpg,men red shirt,men,red,shirt
796,img (796).jpg,men red shirt,men,red,shirt
797,img (797).jpg,men red shirt,men,red,shirt
798,img (798).jpg,women red shirt,women,red,shirt
799,img (799).jpg,women red shirt,women,red,shirt
800,img (800).jpg,women red shirt,women,red,shirt
801,img (801).jpg,women red shoe,women,red,shoe
802,img (802).jpg,men red shirt,men,red,shirt
803,img (803).jpg,women black shoe,women,black,shoe
804,img (804).jpg,women black shoe,women,black,shoe
805,img (805).jpg,women brown shoe,women,brown,shoe
806,img (806).jpg,women black shoe,women,black,shoe
807,img (807).jpg,women orange shoe,women,orange,shoe
808,img (808).jpg,women red shoe,women,red,shoe
809,img (809).jpg,women blue shoe,women,blue,shoe
810,img (810).jpg,women blue shoe,women,blue,shoe
811,img (811).jpg,women black shoe,women,black,shoe
812,img (812).jpg,women black shoe,women,black,shoe
813,img (813).jpg,women brown shoe,women,brown,shoe
814,img (814).jpg,men red shoe,men,red,shoe
815,img (815).jpg,women brown shoe,women,brown,shoe
816,img (816).jpg,women brown shoe,women,brown,shoe
817,img (817).jpg,women brown shoe,women,brown,shoe
818,img (818).jpg,women brown shoe,women,brown,shoe
819,img (819).jpg,women white shoe,women,white,shoe
820,img (820).jpg,women white shoe,women,white,shoe
821,img (821).jpg,women white shoe,women,white,shoe
822,img (822).jpg,women red shoe,women,red,shoe
823,img (823).jpg,women brown shoe,women,brown,shoe
824,img (824).jpg,women white shoe,women,white,shoe
825,img (825).jpg,women white shoe,women,white,shoe
826,img (826).jpg,women brown shoe,women,brown,shoe
827,img (827).jpg,women brown shoe,women,brown,shoe
828,img (828).jpg,women pink shoe,women,pink,shoe
829,img (829).jpg,women brown shoe,women,brown,shoe
830,img (830).jpg,women brown shoe,women,brown,shoe
831,img (831).jpg,women black shoe,women,black,shoe
832,img (832).jpg,women white shoe,women,white,shoe
833,img (833).jpg,women black shoe,women,black,shoe
834,img (834).jpg,women red shoe,women,red,shoe
835,img (835).jpg,women white shoe,women,white,shoe
836,img (836).jpg,women white shoe,women,white,shoe
837,img (837).jpg,women black shoe,women,black,shoe
838,img (838).jpg,women brown shoe,women,brown,shoe
839,img (839).jpg,women black shoe,women,black,shoe
840,img (840).jpg,women white shoe,women,white,shoe
841,img (841).jpg,women black shoe,women,black,shoe
842,img (842).jpg,women black shoe,women,black,shoe
843,img (843).jpg,women black shoe,women,black,shoe
844,img (844).jpg,women black shoe,women,black,shoe
845,img (845).jpg,women brown shoe,women,brown,shoe
846,img (846).jpg,women brown shoe,women,brown,shoe
847,img (847).jpg,women brown shoe,women,brown,shoe
848,img (848).jpg,women brown shoe,women,brown,shoe
849,img (849).jpg,women brown shoe,women,brown,shoe
850,img (850).jpg,women brown shoe,women,brown,shoe
851,img (851).jpg,women brown shoe,women,brown,shoe
852,img (852).jpg,women brown shoe,women,brown,shoe
853,img (853).jpg,women brown shoe,women,brown,shoe
854,img (854).jpg,women brown shoe,women,brown,shoe
855,img (855).jpg,women brown shoe,women,brown,shoe
856,img (856).jpg,women brown shoe,women,brown,shoe
857,img (857).jpg,women brown shoe,women,brown,shoe
858,img (858).jpg,women brown shoe,women,brown,shoe
859,img (859).jpg,women brown shoe,women,brown,shoe
860,img (860).jpg,women brown shoe,women,brown,shoe
861,img (861).jpg,women brown shoe,women,brown,shoe
862,img (862).jpg,women brown shoe,women,brown,shoe
863,img (863).jpg,women red shoe,women,red,shoe
864,img (864).jpg,women green shoe,women,green,shoe
865,img (865).jpg,women brown shoe,women,brown,shoe
866,img (866).jpg,women white shoe,women,white,shoe
867,img (867).jpg,women black shoe,women,black,shoe
868,img (868).jpg,women blue shoe,women,blue,shoe
869,img (869).jpg,women purple shoe,women,purple,shoe
870,img (870).jpg,women white shoe,women,white,shoe
871,img (871).jpg,women white shoe,women,white,shoe
872,img (872).jpg,women black shoe,women,black,shoe
873,img (873).jpg,women black shoe,women,black,shoe
874,img (874).jpg,women brown shoe,women,brown,shoe
875,img (875).jpg,women white shoe,women,white,shoe
876,img (876).jpg,women yellow shoe,women,yellow,shoe
877,img (877).jpg,women white shoe,women,white,shoe
878,img (878).jpg,women white shoe,women,white,shoe
879,img (879).jpg,women white shoe,women,white,shoe
880,img (880).jpg,women white shoe,women,white,shoe
881,img (881).jpg,women pink shoe,women,pink,shoe
882,img (882).jpg,women purple shoe,women,purple,shoe
883,img (883).jpg,women red shoe,women,red,shoe
884,img (884).jpg,women yellow shoe,women,yellow,shoe
885,img (885).jpg,women brown shoe,women,brown,shoe
886,img (886).jpg,women black shoe,women,black,shoe
887,img (887).jpg,women brown shoe,women,brown,shoe
888,img (888).jpg,women pink shoe,women,pink,shoe
889,img (889).jpg,women brown shoe,women,brown,shoe
890,img (890).jpg,women brown shoe,women,brown,shoe
891,img (891).jpg,women brown shoe,women,brown,shoe
892,img (892).jpg,women brown shoe,women,brown,shoe
893,img (893).jpg,women brown shoe,women,brown,shoe
894,img (894).jpg,women brown shoe,women,brown,shoe
895,img (895).jpg,women brown shoe,women,brown,shoe
896,img (896).jpg,women brown shoe,women,brown,shoe
897,img (897).jpg,women brown shoe,women,brown,shoe
898,img (898).jpg,women brown shoe,women,brown,shoe
899,img (899).jpg,women brown shoe,women,brown,shoe
900,img (900).jpg,women brown shoe,women,brown,shoe
901,img (901).jpg,women pink shoe,women,pink,shoe
902,img (902).jpg,women black shoe,women,black,shoe
903,img (903).jpg,women purple shoe,women,purple,shoe
904,img (904).jpg,women pink shoe,women,pink,shoe
905,img (905).jpg,women brown shoe,women,brown,shoe
906,img (906).jpg,women red shoe,women,red,shoe
907,img (907).jpg,women orange shoe,women,orange,shoe
908,img (908).jpg,women pink shoe,women,pink,shoe
909,img (909).jpg,women red shoe,women,red,shoe
910,img (910).jpg,women yellow shoe,women,yellow,shoe
911,img (911).jpg,women black shoe,women,black,shoe
912,img (912).jpg,women yellow shoe,women,yellow,shoe
913,img (913).jpg,women brown shoe,women,brown,shoe
914,img (914).jpg,women white shoe,women,white,shoe
915,img (915).jpg,women black shoe,women,black,shoe
916,img (916).jpg,women brown shoe,women,brown,shoe
917,img (917).jpg,women brown shoe,women,brown,shoe
918,img (918).jpg,women brown shoe,women,brown,shoe
919,img (919).jpg,women red shoe,men,red,shirt
920,img (920).jpg,women black shoe,women,black,shoe
921,img (921).jpg,women white shoe,women,white,shoe
922,img (922).jpg,women red shoe,women,red,shoe
923,img (923).jpg,women green shoe,women,green,shoe
924,img (924).jpg,women white shoe,women,white,shoe
925,img (925).jpg,women black shoe,women,black,shoe
926,img (926).jpg,women gray shoe,women,gray,shoe
927,img (927).jpg,women black shoe,women,black,shoe
928,img (928).jpg,women white shoe,women,white,shoe
929,img (929).jpg,women black shoe,women,black,shoe
930,img (930).jpg,women black shoe,women,black,shoe
931,img (931).jpg,women brown shoe,women,brown,shoe
932,img (932).jpg,women brown shoe,women,brown,shoe
933,img (933).jpg,women gray shoe,women,gray,shoe
934,img (934).jpg,women gray shoe,women,gray,shoe
935,img (935).jpg,women brown shoe,women,brown,shoe
936,img (936).jpg,women black shoe,women,black,shoe
937,img (937).jpg,women black shoe,women,black,shoe
938,img (938).jpg,women orange shoe,women,orange,shoe
939,img (939).jpg,women brown shoe,women,brown,shoe
940,img (940).jpg,women brown shoe,women,brown,shoe
941,img (941).jpg,women black shoe,women,black,shoe
942,img (942).jpg,women gray shoe,women,gray,shoe
943,img (943).jpg,women brown shoe,women,brown,shoe
944,img (944).jpg,women black shoe,women,black,shoe
945,img (945).jpg,women black shoe,women,black,shoe
946,img (946).jpg,women blue shoe,women,blue,shoe
947,img (947).jpg,women blue shoe,women,blue,shoe
948,img (948).jpg,women red shoe,women,red,shoe
949,img (949).jpg,women gray shoe,women,gray,shoe
950,img (950).jpg,women red shoe,women,red,shoe
951,img (951).jpg,women red shoe,women,red,shoe
952,img (952).jpg,women purple shoe,women,purple,shoe
953,img (953).jpg,women red shoe,women,red,shoe
954,img (954).jpg,women gray shoe,women,gray,shoe
955,img (955).jpg,women brown shoe,women,brown,shoe
956,img (956).jpg,women blue shoe,women,blue,shoe
957,img (957).jpg,women gray shoe,women,gray,shoe
958,img (958).jpg,women black shoe,women,black,shoe
959,img (959).jpg,women blue shoe,women,blue,shoe
960,img (960).jpg,women gray shoe,women,gray,shoe
961,img (961).jpg,women blue shoe,women,blue,shoe
962,img (962).jpg,women black shoe,women,black,shoe
963,img (963).jpg,women black shoe,women,black,shoe
964,img (964).jpg,women blue shoe,women,blue,shoe
965,img (965).jpg,women red shoe,women,red,shoe
966,img (966).jpg,women blue shoe,women,blue,shoe
967,img (967).jpg,women red shoe,women,red,shoe
968,img (968).jpg,women brown shirt,women,brown,shirt
969,img (969).jpg,women brown shirt,women,brown,shirt
970,img (970).jpg,women brown shirt,women,brown,shirt
971,img (971).jpg,women brown shirt,women,brown,shirt
972,img (972).jpg,women brown shirt,women,brown,shirt
973,img (973).jpg,women brown shirt,women,brown,shirt
974,img (974).jpg,men brown shirt,men,brown,shirt
975,img (975).jpg,men brown shirt,men,brown,shirt
976,img (976).jpg,men brown shirt,men,brown,shirt
977,img (977).jpg,men brown shirt,men,brown,shirt
978,img (978).jpg,men brown shirt,men,brown,shirt
979,img (979).jpg,men brown shirt,men,brown,shirt
980,img (980).jpg,men blue pant,men,blue,pant
981,img (981).jpg,women gray shirt,women,gray,shirt
982,img (982).jpg,men black shoe,men,black,shoe
983,img (983).jpg,men white shirt,men,white,shirt
984,img (984).jpg,men blue pant,men,blue,pant
985,img (985).jpg,women gray shoe,women,gray,shoe
986,img (986).jpg,women green pant,women,green,pant
987,img (987).jpg,men green shirt,men,green,shirt
988,img (988).jpg,women yellow shirt,women,yellow,shirt
989,img (989).jpg,men green shoe,men,green,shoe
990,img (990).jpg,men blue shoe,men,blue,shoe
991,img (991).jpg,men gray shoe,men,gray,shoe
992,img (992).jpg,women black shoe,women,black,shoe
993,img (993).jpg,men blue shirt,men,blue,shirt
994,img (994).jpg,men orange pant,men,orange,pant
995,img (995).jpg,women black shirt,women,black,shirt
996,img (996).jpg,men green shirt,men,green,shirt
997,img (997).jpg,women black pant,women,black,pant
998,img (998).jpg,women yellow shirt,women,yellow,shirt
999,img (999).jpg,men gray pant,men,gray,pant
1000,img (1000).jpg,men black shoe,men,black,shoe
1001,img (1001).jpg,women white shoe,women,white,shoe
1002,img (1002).jpg,men brown shirt,men,brown,shirt
1003,img (1003).jpg,men green shirt,men,green,shirt
1004,img (1004).jpg,women white shoe,women,white,shoe
1005,img (1005).jpg,women gray pant,women,gray,pant
1006,img (1006).jpg,women yellow pant,women,yellow,pant
1007,img (1007).jpg,men black shoe,men,black,shoe
1008,img (1008).jpg,women brown pant,women,brown,pant
1009,img (1009).jpg,women white pant,women,white,pant
1010,img (1010).jpg,men blue shirt,men,blue,shirt
1011,img (1011).jpg,women black pant,women,black,pant
1012,img (1012).jpg,women blue pant,women,blue,pant
1013,img (1013).jpg,women blue shoe,women,blue,shoe
1014,img (1014).jpg,women red shirt,women,red,shirt
1015,img (1015).jpg,men black shoe,men,black,shoe
1016,img (1016).jpg,men white shirt,men,white,shirt
1017,img (1017).jpg,men white shoe,men,white,shoe
1018,img (1018).jpg,men brown shoe,men,brown,shoe
1019,img (1019).jpg,women blue shirt,women,blue,shirt
